"campaignid","sample","latitude","longitude","date","site","location","successful.count","depth","broad.bryozoa","broad.crinoids","broad.hydrocoral","broad.hydroids","broad.invertebrate.complex","broad.octocoral.black","broad.sponges","broad.unconsolidated","broad.total.points.annotated","mean.relief","sd.relief"
"2019-08_Ningaloo_stereo-BRUVs","1.01","-22.84786205","113.5404917","12082019","1","Ningaloo Marine Park","Yes","?",0,0,0,0,0,0,0,19,19,0.421052631578947,0.507257273501788
"2019-08_Ningaloo_stereo-BRUVs","1.02","-22.85016136","113.5252875","12082019","1","Ningaloo Marine Park","Yes","?",0,0,0,0,0,0,0,25,25,0.88,0.33166247903554
"2019-08_Ningaloo_stereo-BRUVs","1.03","-22.84437","113.51304","12082019","1","Ningaloo Marine Park","Yes","?",0,0,0,0,0,0,0,25,25,1,0
"2019-08_Ningaloo_stereo-BRUVs","1.04","-22.8402743","113.5183981","12082019","1","Ningaloo Marine Park","Yes","?",0,0,0,0,0,0,0,25,25,0.44,0.506622805119022
"2019-08_Ningaloo_stereo-BRUVs","1.05","-22.83417","113.51601","12082019","1","Ningaloo Marine Park","Yes","?",0,0,0,0,0,0,0,20,20,1,0
"2019-08_Ningaloo_stereo-BRUVs","1.06","-22.83153691","113.523387","12082019","1","Ningaloo Marine Park","Yes","?",0,0,0,0,0,0,0,25,25,0.44,0.506622805119022
"2019-08_Ningaloo_stereo-BRUVs","2.02","-22.83153691","113.5625852","12082019","2","Ningaloo Marine Park","Yes","?",0,0,0,0,0,0,0,21,21,0.904761904761905,0.300792603759119
"2019-08_Ningaloo_stereo-BRUVs","2.03","-22.82900766","113.5659111","12082019","2","Ningaloo Marine Park","Yes","?",0,0,0,0,0,0,0,20,20,1,0
"2019-08_Ningaloo_stereo-BRUVs","2.04","-22.82440903","113.5815904","12082019","2","Ningaloo Marine Park","Yes","?",0,0,0,0,0,0,0,26,26,0.769230769230769,0.42966892442366
"2019-08_Ningaloo_stereo-BRUVs","2.05","-22.82256957","113.5770767","12082019","2","Ningaloo Marine Park","Yes","?",0,0,0,0,0,0,0,26,26,1,0
"2019-08_Ningaloo_stereo-BRUVs","2.06","-22.82164985","113.5716127","12082019","2","Ningaloo Marine Park","Yes","?",0,0,0,0,0,0,0,26,26,0.961538461538462,0.196116135138184
"2019-08_Ningaloo_stereo-BRUVs","2.07","-22.8191206","113.5640106","12082019","2","Ningaloo Marine Park","Yes","?",0,0,0,0,0,0,0,26,26,1.15384615384615,0.784464540552736
"2019-08_Ningaloo_stereo-BRUVs","3.01","-22.81314238","113.5207738","12082019","3","Ningaloo Marine Park","Yes","?",0,0,0,0,0,0,0,25,25,1,0
"2019-08_Ningaloo_stereo-BRUVs","3.02","-22.81015327","113.5262378","12082019","3","Ningaloo Marine Park","Yes","?",0,0,0,0,0,0,0,25,25,1,0
"2019-08_Ningaloo_stereo-BRUVs","3.03","-22.80693423","113.5338398","12082019","3","Ningaloo Marine Park","Yes","?",0,0,0,0,0,0,0,26,26,0.884615384615385,0.431455497304005
"2019-08_Ningaloo_stereo-BRUVs","3.04","-22.80608","113.51938","12082019","3","Ningaloo Marine Park","Yes","?",0,0,0,0,0,0,0,20,20,0.95,0.51041778553404
"2019-08_Ningaloo_stereo-BRUVs","3.05","-22.80532471","113.51626","12082019","3","Ningaloo Marine Park","Yes","?",0,0,0,1,0,0,2,19,22,1.27272727272727,0.827032456426399
"2019-08_Ningaloo_stereo-BRUVs","3.06","-22.80463491","113.5105585","12082019","3","Ningaloo Marine Park","Yes","?",0,0,0,0,0,0,0,23,23,0.347826086956522,0.831684798913076
"2019-08_Ningaloo_stereo-BRUVs","4.01","-22.80504","113.49708","13082019","4","Ningaloo Marine Park","Yes","?",0,0,0,0,0,5,5,10,20,2.27777777777778,1.36362646064933
"2019-08_Ningaloo_stereo-BRUVs","4.02","-22.79001","113.51077","13082019","4","Ningaloo Marine Park","Yes","?",0,0,0,0,0,3,6,17,26,1.80769230769231,1.16684980247608
"2019-08_Ningaloo_stereo-BRUVs","4.03","-22.78991929","113.5005807","13082019","4","Ningaloo Marine Park","Yes","?",0,0,0,0,0,1,8,13,22,2.59090909090909,1.50108186094122
"2019-08_Ningaloo_stereo-BRUVs","4.08","-22.78601045","113.4984427","13082019","4","Ningaloo Marine Park","Yes","?",0,0,0,0,0,2,9,12,23,2.17391304347826,1.02921743939238
"2019-08_Ningaloo_stereo-BRUVs","4.11","-22.78371114","113.496067","13082019","4","Ningaloo Marine Park","Yes","?",0,0,0,2,0,1,8,12,23,2.39130434782609,0.940943937793929
"2019-08_Ningaloo_stereo-BRUVs","4.12","-22.78578052","113.4877522","13082019","4","Ningaloo Marine Park","Yes","?",0,0,0,8,0,0,0,18,26,1.5,1.10453610171873
"2019-08_Ningaloo_stereo-BRUVs","5.02","-22.78253","113.54762","13082019","5","Ningaloo Marine Park","Yes","?",0,0,0,0,0,0,0,23,23,1,0
"2019-08_Ningaloo_stereo-BRUVs","5.03","-22.78303","113.56188","13082019","5","Ningaloo Marine Park","Yes","?",0,0,0,0,0,0,0,20,20,1,0
"2019-08_Ningaloo_stereo-BRUVs","5.07","-22.7727833","113.57245","13082019","5","Ningaloo Marine Park","Yes","?",0,0,0,0,0,0,0,25,25,1,0
"2019-08_Ningaloo_stereo-BRUVs","5.08","-22.76807579","113.5716127","13082019","5","Ningaloo Marine Park","Yes","?",0,0,0,0,0,0,0,25,25,0.92,0.276887462097269
"2019-08_Ningaloo_stereo-BRUVs","5.11","-22.76278737","113.5723254","13082019","5","Ningaloo Marine Park","Yes","?",0,0,0,0,0,0,0,23,23,1,0
"2019-08_Ningaloo_stereo-BRUVs","5.13","-22.76082","113.58319","13082019","5","Ningaloo Marine Park","Yes","?",0,0,0,0,0,0,0,22,22,1,0
"2019-08_Ningaloo_stereo-BRUVs","6.01","-22.77091","113.53596","13082019","6","Ningaloo Marine Park","Yes","?",0,0,0,0,0,0,0,21,21,0.142857142857143,0.358568582800318
"2019-08_Ningaloo_stereo-BRUVs","6.02","-22.75818","113.55367","13082019","6","Ningaloo Marine Park","Yes","?",0,0,0,0,0,0,0,25,25,0.96,0.2
"2019-08_Ningaloo_stereo-BRUVs","6.03","-22.75754","113.54189","13082019","6","Ningaloo Marine Park","Yes","?",0,0,0,0,0,8,7,15,30,2.53333333333333,1.43198279062413
"2019-08_Ningaloo_stereo-BRUVs","6.04","-22.75175065","113.5402541","13082019","6","Ningaloo Marine Park","Yes","?",0,0,0,0,0,0,0,25,25,0.48,0.509901951359279
"2019-08_Ningaloo_stereo-BRUVs","6.05","-22.7411738","113.5412044","13082019","6","Ningaloo Marine Park","Yes","?",0,0,0,0,0,0,0,25,25,0.76,0.435889894354067
"2019-08_Ningaloo_stereo-BRUVs","6.12","-22.73059695","113.541917","13082019","6","Ningaloo Marine Park","Yes","?",0,0,0,0,0,0,0,20,20,1,0
"2019-08_Ningaloo_stereo-BRUVs","7.01","-22.73427585","113.5509445","14082019","7","Ningaloo Marine Park","Yes","85",0,0,0,0,0,0,0,22,22,1,0
"2019-08_Ningaloo_stereo-BRUVs","7.02","-22.7317466","113.5533202","14082019","7","Ningaloo Marine Park","Yes","84",0,0,0,0,0,0,0,20,20,1,0
"2019-08_Ningaloo_stereo-BRUVs","7.03","-22.72507859","113.5554582","14082019","7","Ningaloo Marine Park","Yes","82",0,0,0,0,0,0,0,20,20,1,0
"2019-08_Ningaloo_stereo-BRUVs","7.04","-22.72760784","113.5630603","14082019","7","Ningaloo Marine Park","Yes","75",0,0,0,0,0,1,0,25,26,1,0
"2019-08_Ningaloo_stereo-BRUVs","7.05","-22.72875749","113.5732756","14082019","7","Ningaloo Marine Park","Yes","72",0,3,0,0,0,0,0,20,23,1,0
"2019-08_Ningaloo_stereo-BRUVs","7.08","-22.73059695","113.5756513","14082019","7","Ningaloo Marine Park","Yes","72",0,0,0,0,0,0,0,20,20,0.95,0.223606797749979
"2019-08_Ningaloo_stereo-BRUVs","8.01","-22.71266228","113.5497567","14082019","8","Ningaloo Marine Park","Yes","87",0,0,0,0,0,1,2,24,27,1.07407407407407,0.549540082245419
"2019-08_Ningaloo_stereo-BRUVs","8.02","-22.70277523","113.5559334","14082019","8","Ningaloo Marine Park","Yes","76",0,0,0,0,0,15,7,6,28,3.89285714285714,1.34272486120949
"2019-08_Ningaloo_stereo-BRUVs","8.05","-22.7017","113.57994","14082019","8","Ningaloo Marine Park","Yes","63",0,0,0,0,0,0,0,21,21,0.952380952380952,0.218217890235992
"2019-08_Ningaloo_stereo-BRUVs","8.06","-22.69621","113.58157","14082019","8","Ningaloo Marine Park","Yes","61",0,0,0,0,0,1,0,21,22,1.04545454545455,0.21320071635561
"2019-08_Ningaloo_stereo-BRUVs","8.07","-22.69542","113.57783","14082019","8","Ningaloo Marine Park","Yes","63",0,0,0,0,0,0,0,26,26,1,0
"2019-08_Ningaloo_stereo-BRUVs","8.12","-22.69932625","113.547381","14082019","8","Ningaloo Marine Park","Yes","95",0,0,0,0,0,4,3,18,25,1.6,1.08012344973464
"2019-08_Ningaloo_stereo-BRUVs","9.01","-22.70139564","113.5359779","13082019","9","Ningaloo Marine Park","Yes","?",0,0,0,5,0,2,6,12,25,2.16,0.94339811320566
"2019-08_Ningaloo_stereo-BRUVs","9.02","-22.7025453","113.5214865","13082019","9","Ningaloo Marine Park","Yes","?",0,0,0,5,0,2,0,14,21,1.61904761904762,0.740012869900955
"2019-08_Ningaloo_stereo-BRUVs","9.05","-22.69150858","113.5248124","13082019","9","Ningaloo Marine Park","No","?",0,0,0,0,0,0,1,24,25,1.04,0.2
"2019-08_Ningaloo_stereo-BRUVs","9.06","-22.6931181","113.5319393","13082019","9","Ningaloo Marine Park","Yes","?",0,0,0,0,0,1,10,12,23,2.21739130434783,0.795242772487544
"2019-08_Ningaloo_stereo-BRUVs","9.07","-22.71082283","113.5255251","13082019","9","Ningaloo Marine Park","Yes","?",0,0,0,5,0,5,5,10,25,2.8,0.763762615825973
"2019-08_Ningaloo_stereo-BRUVs","9.08","-22.71220242","113.5136468","13082019","9","Ningaloo Marine Park","Yes","?",0,0,0,1,0,4,0,19,24,0.708333333333333,0.550032937090187
"2019-08_Ningaloo_stereo-BRUVs","10.01","-22.67587323","113.5564085","14082019","10","Ningaloo Marine Park","Yes","93",0,0,0,0,0,21,1,12,34,3.35294117647059,1.57407698670405
"2019-08_Ningaloo_stereo-BRUVs","10.02","-22.67334399","113.5564085","14082019","10","Ningaloo Marine Park","Yes","95",0,0,1,0,0,11,1,19,32,2.25,1.04726987617729
"2019-08_Ningaloo_stereo-BRUVs","10.03","-22.66874535","113.5628228","14082019","10","Ningaloo Marine Park","Yes","88",0,0,0,1,0,18,3,8,30,3.23333333333333,1.63334506212068
"2019-08_Ningaloo_stereo-BRUVs","10.04","-22.6669059","113.5518948","14082019","10","Ningaloo Marine Park","Yes","110",0,0,0,0,0,3,8,14,25,3.24,1.16476034731041
"2019-08_Ningaloo_stereo-BRUVs","10.07","-22.67311405","113.5400165","14082019","10","Ningaloo Marine Park","No","138",0,0,0,1,0,5,5,11,22,3,1.02353263143832
"2019-08_Ningaloo_stereo-BRUVs","10.08","-22.67035488","113.5383536","14082019","10","Ningaloo Marine Park","No","157",0,1,0,1,0,2,0,18,22,1.5,0.511766315719159
"2019-08_Ningaloo_stereo-BRUVs","10.09","-22.62918","113.55942","14082019","10","Ningaloo Marine Park","Yes","160",0,0,0,0,0,2,0,19,21,0.904761904761905,0.436435780471985
"2019-08_Ningaloo_stereo-BRUVs","10.11","-22.61773","113.5636","14082019","10","Ningaloo Marine Park","Yes","160",0,0,0,0,0,0,0,19,19,1.15789473684211,0.374634324632678
"2019-08_Ningaloo_stereo-BRUVs","10.12","-22.59615","113.57775","14082019","10","Ningaloo Marine Park","Yes","136",0,0,0,0,0,1,2,17,20,1.7,0.864504725870618
"2019-08_Ningaloo_stereo-BRUVs","10.13","-22.638","113.579","14082019","10","Ningaloo Marine Park","Yes","78",0,0,0,0,0,15,5,15,35,2.51428571428571,0.853071563490997
"2019-08_Ningaloo_stereo-BRUVs","10.14","-22.624","113.5916667","14082019","10","Ningaloo Marine Park","Yes","74",0,0,0,0,0,7,0,19,26,1.19230769230769,0.49146562599887
"2019-08_Ningaloo_stereo-BRUVs","10.15","-22.6058333","113.594","14082019","10","Ningaloo Marine Park","Yes","84",0,0,0,0,0,7,7,12,26,2.19230769230769,1.05902712974619
"2019-08_Ningaloo_stereo-BRUVs","11.01","-22.54044354","113.6215013","15082019","11","Ningaloo Marine Park","Yes","84",0,0,0,0,0,0,0,25,25,0.96,0.2
"2019-08_Ningaloo_stereo-BRUVs","11.02","-22.5365347","113.6248272","15082019","11","Ningaloo Marine Park","Yes","81",0,0,0,0,0,4,0,20,24,1.91666666666667,1.0179547554081
"2019-08_Ningaloo_stereo-BRUVs","11.03","-22.53377552","113.6274404","15082019","11","Ningaloo Marine Park","No","79",0,0,0,0,0,0,0,20,20,1.2,0.615587011251092
"2019-08_Ningaloo_stereo-BRUVs","11.04","-22.52871703","113.6243521","15082019","11","Ningaloo Marine Park","Yes","91",0,0,0,0,0,0,0,25,25,0.96,0.2
"2019-08_Ningaloo_stereo-BRUVs","11.05","-22.52618778","113.6255399","15082019","11","Ningaloo Marine Park","No","91",0,0,0,0,0,0,0,22,22,0.590909090909091,0.503236279740196
"2019-08_Ningaloo_stereo-BRUVs","11.06","-22.52388847","113.6345674","15082019","11","Ningaloo Marine Park","Yes","77",0,0,0,0,0,1,1,20,22,1.04545454545455,0.722249971716872
"2019-08_Ningaloo_stereo-BRUVs","12.02","-22.46724","113.67504","15082019","12","Ningaloo Marine Park","Yes","56",0,0,0,0,0,1,7,19,27,2.33333333333333,1.27097781860449
"2019-08_Ningaloo_stereo-BRUVs","12.03","-22.46824503","113.6678265","15082019","12","Ningaloo Marine Park","Yes","65",0,0,0,0,0,0,0,20,20,1,0
"2019-08_Ningaloo_stereo-BRUVs","12.04","-22.46433619","113.6687767","15082019","12","Ningaloo Marine Park","Yes","70",0,0,0,0,0,0,0,25,25,0.6,0.5
"2019-08_Ningaloo_stereo-BRUVs","12.05","-22.4673253","113.6599868","15082019","12","Ningaloo Marine Park","Yes","86",0,0,0,0,0,0,0,25,25,0.76,0.522812904711937
"2019-08_Ningaloo_stereo-BRUVs","12.06","-22.46548585","113.6573736","15082019","12","Ningaloo Marine Park","No","94",0,0,0,0,0,0,0,22,22,1,0
"2019-08_Ningaloo_stereo-BRUVs","12.11","-22.48475","113.64333","15082019","12","Ningaloo Marine Park","Yes","100",0,0,0,0,0,1,3,18,22,2.09090909090909,1.01929438287525
"2019-08_Ningaloo_stereo-BRUVs","13.02","-22.40386419","113.7058369","15082019","13","Ningaloo Marine Park","Yes","69",0,0,0,0,0,0,0,26,26,0.423076923076923,0.503831473655779
"2019-08_Ningaloo_stereo-BRUVs","13.03","-22.39903562","113.7013231","15082019","13","Ningaloo Marine Park","Yes","83",0,0,0,0,0,0,0,22,22,1.5,0.511766315719159
"2019-08_Ningaloo_stereo-BRUVs","13.04","-22.39765604","113.6972845","15082019","13","Ningaloo Marine Park","Yes","92",0,0,0,0,0,0,0,25,25,1.08,0.276887462097269
"2019-08_Ningaloo_stereo-BRUVs","13.05","-22.40087508","113.6932459","15082019","13","Ningaloo Marine Park","Yes","96",0,0,0,0,0,0,0,21,21,0.80952380952381,0.402373908081478
"2019-08_Ningaloo_stereo-BRUVs","13.06","-22.40478391","113.6922957","15082019","13","Ningaloo Marine Park","Yes","94.5",0,0,0,0,0,0,0,20,20,1,0
"2019-08_Ningaloo_stereo-BRUVs","13.08","-22.39328734","113.7039364","15082019","13","Ningaloo Marine Park","Yes","85",0,0,0,0,0,0,0,20,20,1,0
"2019-08_Ningaloo_stereo-BRUVs","14.01","-22.32524","113.72408","15082019","14","Ningaloo Marine Park","Yes","96",0,0,0,0,0,0,5,20,25,0.88,0.781024967590665
"2019-08_Ningaloo_stereo-BRUVs","14.02","-22.30284","113.73251","15082019","14","Ningaloo Marine Park","Yes","101",0,0,0,0,0,0,0,20,20,1.15,1.08942283125661
"2019-08_Ningaloo_stereo-BRUVs","14.03","-22.27651","113.74266","15082019","14","Ningaloo Marine Park","No","109",0,0,0,0,0,0,2,20,22,1,0.308606699924184
"2019-08_Ningaloo_stereo-BRUVs","14.06","-22.17832","113.79046","16082019","14","Ningaloo Marine Park","Yes","100",0,0,0,0,0,0,0,23,23,0.739130434782609,0.44897775854488
"2019-08_Ningaloo_stereo-BRUVs","14.11","-22.3266667","113.7371667","15082019","14","Ningaloo Marine Park","Yes","75",0,0,0,0,0,0,0,25,25,0.84,0.62449979983984
"2019-08_Ningaloo_stereo-BRUVs","14.12","-22.3071667","113.746","15082019","14","Ningaloo Marine Park","Yes","82",0,0,0,0,0,0,0,25,25,0.6,0.5
"2019-08_Ningaloo_stereo-BRUVs","14.13","-22.2866667","113.7416667","15082019","14","Ningaloo Marine Park","Yes","101",0,0,0,0,0,0,0,22,22,1,0
"2019-08_Ningaloo_stereo-BRUVs","15.01","-22.17344","113.7915","16082019","15","Ningaloo Marine Park","Yes","100",0,0,0,0,0,0,0,22,22,1,0
"2019-08_Ningaloo_stereo-BRUVs","15.02","-22.16882","113.7941","16082019","15","Ningaloo Marine Park","Yes","100",0,0,0,0,0,0,1,21,22,0.909090909090909,0.29424494316825
"2019-08_Ningaloo_stereo-BRUVs","15.05","-22.16173","113.78335","16082019","15","Ningaloo Marine Park","No","122",0,0,0,0,0,2,0,24,26,1.11538461538462,0.325812593608421
"2019-08_Ningaloo_stereo-BRUVs","15.07","-22.13639","113.79163","16082019","15","Ningaloo Marine Park","Yes","116",0,0,0,0,0,0,0,20,20,1.3,0.470162345981627
"2019-08_Ningaloo_stereo-BRUVs","15.12","-22.14381158","113.7899349","16082019","15","Ningaloo Marine Park","Yes","110",0,0,0,0,0,3,1,11,15,1.86666666666667,0.351865775274498
"2019-08_Ningaloo_stereo-BRUVs","16.01","-22.12155","113.80074","16082019","18","Ningaloo Marine Park","Yes","101",0,0,0,0,0,0,0,20,20,0.7,0.470162345981627
"2019-08_Ningaloo_stereo-BRUVs","16.02","-22.11624","113.79192","16082019","16","Ningaloo Marine Park","Yes","145",2,0,0,4,0,0,12,4,22,3.81818181818182,0.501081082343218
"2019-08_Ningaloo_stereo-BRUVs","16.03","-22.10669","113.7967","16082019","16","Ningaloo Marine Park","Yes","190",0,0,0,0,0,0,0,20,20,1,0
"2019-08_Ningaloo_stereo-BRUVs","16.04","-22.09742","113.8081","16082019","16","Ningaloo Marine Park","Yes","100",0,0,0,0,0,0,0,20,20,1,0
"2019-08_Ningaloo_stereo-BRUVs","16.05","-22.0856","113.82563","16082019","16","Ningaloo Marine Park","Yes","85",0,0,0,0,0,0,2,24,26,1.84615384615385,0.612686392361227
"2019-08_Ningaloo_stereo-BRUVs","17.08","-22.0943763","113.8193929","16082019","17","Ningaloo Marine Park","Yes","90",0,0,0,0,0,0,0,22,22,0.590909090909091,0.590326052690247
"2019-08_Ningaloo_stereo-BRUVs","18.01","-22.06954369","113.812266","16082019","18","Ningaloo Marine Park","Yes","91",0,0,0,0,0,0,0,24,24,0.583333333333333,0.503610155185335
"2019-08_Ningaloo_stereo-BRUVs","18.02","-22.06517499","113.8120284","16082019","18","Ningaloo Marine Park","Yes","91",0,0,0,0,0,0,0,27,27,0.555555555555556,0.506369683541833
"2019-08_Ningaloo_stereo-BRUVs","18.03","-22.06563485","113.8082274","16082019","18","Ningaloo Marine Park","Yes","117",0,0,0,0,0,7,0,19,26,2,0.748331477354788
"2019-08_Ningaloo_stereo-BRUVs","18.04","-22.06172601","113.810603","16082019","18","Ningaloo Marine Park","Yes","134",0,0,0,9,0,0,8,9,26,2.38461538461538,0.85214661071546
"2019-08_Ningaloo_stereo-BRUVs","18.07","-22.06264574","113.8281828","16082019","18","Ningaloo Marine Park","Yes","109",0,0,0,0,0,0,0,23,23,1.1304347826087,1.0137396037394
"2019-08_Ningaloo_stereo-BRUVs","18.08","-22.0725328","113.823194","16082019","18","Ningaloo Marine Park","Yes","96",0,0,0,0,0,0,0,20,20,0.5,0.512989176042577
"2019-08_Ningaloo_stereo-BRUVs","19.01","-22.01347","113.82289","16082019","19","Ningaloo Marine Park","Yes","107",0,0,0,0,0,0,0,19,19,1,0
"2019-08_Ningaloo_stereo-BRUVs","19.02","-22.00792203","113.821531","16082019","19","Ningaloo Marine Park","Yes","122",0,0,0,0,0,0,0,20,20,1.4,0.502624689950035
"2019-08_Ningaloo_stereo-BRUVs","19.03","-22.00286353","113.8305585","16082019","19","Ningaloo Marine Park","Yes","99",0,0,0,0,0,0,0,22,22,0.909090909090909,0.29424494316825
"2019-08_Ningaloo_stereo-BRUVs","19.04","-22.00056422","113.8255696","16082019","19","Ningaloo Marine Park","Yes","109",0,0,0,0,0,0,0,23,23,1.08695652173913,0.51460871969619
"2019-08_Ningaloo_stereo-BRUVs","19.05","-21.99757511","113.8291331","16082019","19","Ningaloo Marine Park","Yes","101",0,0,0,0,0,0,0,20,20,0,0
"2019-08_Ningaloo_stereo-BRUVs","19.08","-21.99412613","113.8234315","16082019","19","Ningaloo Marine Park","Yes","130",0,0,0,0,0,0,0,20,20,1,0
"2019-08_Ningaloo_stereo-BRUVs","23.01","-21.68647769","114.0835652","17082019","23","Ningaloo Marine Park","Yes","102",0,0,0,0,0,0,0,15,15,1.66666666666667,0.617213399848368
"2019-08_Ningaloo_stereo-BRUVs","23.02","-21.68555797","114.0785763","17082019","23","Ningaloo Marine Park","Yes","106",0,0,0,0,0,0,0,20,20,1,0
"2019-08_Ningaloo_stereo-BRUVs","23.03","-21.68233893","114.0811896","17082019","23","Ningaloo Marine Park","Yes","109",0,0,0,0,0,0,0,15,15,0.666666666666667,0.487950036474267
"2019-08_Ningaloo_stereo-BRUVs","23.04","-21.67980968","114.0845155","17082019","23","Ningaloo Marine Park","Yes","110",0,0,0,0,0,0,0,20,20,1,0
"2019-08_Ningaloo_stereo-BRUVs","23.06","-21.67475118","114.0944932","17082019","23","Ningaloo Marine Park","Yes","107",0,0,0,0,0,0,0,20,20,0.5,0.512989176042577
"2019-08_Ningaloo_stereo-BRUVs","23.09","-21.706867","114.0747","17082019","23","Ningaloo Marine Park","Yes","67",0,1,0,0,0,2,0,20,23,0.304347826086957,0.470471968896965
"2019-08_Ningaloo_stereo-BRUVs","30.01","-21.91122","113.90413","17082019","30","Ningaloo Marine Park","No","69",0,0,0,0,0,0,2,19,21,0.333333333333333,0.658280588604383
"2019-08_Ningaloo_stereo-BRUVs","30.02","-21.90687","113.90722","17082019","30","Ningaloo Marine Park","Yes","69",0,0,0,0,0,0,0,20,20,0,0
"2019-08_Ningaloo_stereo-BRUVs","30.03","-21.89999","113.91082","17082019","30","Ningaloo Marine Park","Yes","67",0,0,0,0,0,0,0,19,19,0.0526315789473684,0.229415733870562
"2019-08_Ningaloo_stereo-BRUVs","30.04","-21.89513","113.91423","17082019","30","Ningaloo Marine Park","Yes","69",0,0,0,0,0,4,1,19,24,1,0.978019293843651
"2019-08_Ningaloo_stereo-BRUVs","30.05","-21.88983","113.91801","17082019","30","Ningaloo Marine Park","Yes","68",0,0,0,0,0,4,3,21,28,1.42857142857143,0.790151013628803
"2019-08_Ningaloo_stereo-BRUVs","30.06","-21.8876","113.9202","17082019","30","Ningaloo Marine Park","Yes","66",0,0,0,0,0,1,7,14,22,2,1.11269728052837
"2019-08_Ningaloo_stereo-BRUVs","31.01","-21.6873167","114.08985","17082019","31","Ningaloo Marine Park","Yes","77",0,0,0,0,0,0,4,20,24,1.54166666666667,0.931532942621143
"2019-08_Ningaloo_stereo-BRUVs","31.02","-21.6919667","114.09","17082019","31","Ningaloo Marine Park","Yes","71",0,0,0,0,0,0,1,20,21,0.571428571428571,0.50709255283711
"2019-08_Ningaloo_stereo-BRUVs","31.03","-21.69445","114.0887667","17082019","31","Ningaloo Marine Park","Yes","66",0,0,1,3,0,2,2,15,23,1.26086956521739,0.44897775854488
"2019-08_Ningaloo_stereo-BRUVs","31.04","-21.69635","114.0877667","17082019","31","Ningaloo Marine Park","Yes","64",0,0,0,0,0,7,0,20,27,0.730769230769231,0.533493565673837
"2019-08_Ningaloo_stereo-BRUVs","31.05","-21.70045","114.0814333","17082019","31","Ningaloo Marine Park","Yes","67",0,0,0,0,0,3,1,16,20,0.55,0.51041778553404
"2019-08_Ningaloo_stereo-BRUVs","31.06","-21.7025167","114.0774833","17082019","31","Ningaloo Marine Park","Yes","66",0,0,0,0,0,1,1,23,25,0.52,0.585946527708232
"2021-05_PtCloates_BOSS","1","-22.6886","113.5539","20210520","inNP.1","Point Cloates","Yes","93.6",0,0,0,0,1,0,1,57,59,0.292682926829268,0.512049921346757
"2021-05_PtCloates_BOSS","2","-22.6987","113.5214","20210520","inNP.2","Point Cloates","Yes","167",0,0,0,0,0,1,0,49,50,0.333333333333333,0.479463301485384
"2021-05_PtCloates_BOSS","4","-22.7113","113.5415","20210520","inNP.4","Point Cloates","Yes","100",0,0,0,0,0,2,2,57,61,0.414634146341463,0.546608166610121
"2021-05_PtCloates_BOSS","7","-22.7462","113.5314","20210520","inNP.7","Point Cloates","Yes","99.6",0,0,0,0,5,0,0,43,48,0.0512820512820513,0.223455865030959
"2021-05_PtCloates_BOSS","9","-22.6937","113.5389","20210520","inNP.9","Point Cloates","Yes","114",0,0,0,1,10,6,22,13,52,1.55,0.638507875982989
"2021-05_PtCloates_BOSS","10","-22.6887","113.5238","20210520","inNP.10","Point Cloates","Yes","176",0,0,0,0,0,0,0,62,62,0,0
"2021-05_PtCloates_BOSS","12","-22.7137","113.5364","20210520","inNP.12","Point Cloates","Yes","107",0,0,0,1,7,3,16,31,58,0.975,0.35716117169158
"2021-05_PtCloates_BOSS","13","-22.7037","113.5389","20210520","inNP.13","Point Cloates","Yes","107",0,0,0,3,1,7,8,38,57,0.775,0.53048115556564
"2021-05_PtCloates_BOSS","15","-22.7037","113.5188","20210520","inNP.15","Point Cloates","Yes","168",0,0,0,0,2,2,0,52,56,0.393939393939394,0.496197663448873
"2021-05_PtCloates_BOSS","18","-22.6838","113.5489","20210520","inNP.18","Point Cloates","Yes","102",0,0,0,0,5,19,6,24,54,1.30769230769231,1.02991686312016
"2021-05_PtCloates_BOSS","19","-22.7314","113.5313","20210520","inNP.19","Point Cloates","Yes","106",0,0,0,2,4,5,13,28,52,0.945945945945946,0.704980139434436
"2021-05_PtCloates_BOSS","20","-22.7187","113.5265","20210520","inNP.20","Point Cloates","Yes","120",0,0,0,0,2,7,9,36,54,1,0.338061701891407
"2021-05_PtCloates_BOSS","21","-22.6963","113.544","20210520","inNP.21","Point Cloates","Yes","103",0,0,0,0,0,7,7,41,55,0.782608695652174,0.629392775379955
"2021-05_PtCloates_BOSS","22","-22.7438","113.5337","20210520","inNP.22","Point Cloates","Yes","96.4",0,0,0,0,1,2,0,55,58,0.184210526315789,0.392859452063192
"2021-05_PtCloates_BOSS","24","-22.7113","113.5088","20210520","inNP.24","Point Cloates","Yes","189",0,0,0,0,0,0,0,53,53,0.025,0.158113883008419
"2021-05_PtCloates_BOSS","25","-22.7262","113.4913","20210520","outNP.1","Point Cloates","Yes","208",0,0,0,0,0,0,0,57,57,0,0
"2021-05_PtCloates_BOSS","26","-22.7388","113.5089","20210520","outNP.2","Point Cloates","Yes","152",0,0,0,0,1,1,3,43,48,0.236842105263158,0.489578446703416
"2021-05_PtCloates_BOSS","27","-22.7635","113.4964","20210519","outNP.3","Point Cloates","Yes","162",0,0,0,0,0,0,0,59,59,0,0
"2021-05_PtCloates_BOSS","28","-22.7585","113.4762","20210519","outNP.4","Point Cloates","Yes","206",0,0,0,0,0,0,0,43,43,0,0
"2021-05_PtCloates_BOSS","29","-22.7758","113.494","20210519","outNP.5","Point Cloates","Yes","152",0,0,0,0,1,1,5,46,53,0.583333333333333,0.554204706893452
"2021-05_PtCloates_BOSS","30","-22.7887","113.4839","20210519","outNP.6","Point Cloates","Yes","169",0,0,0,1,2,0,0,50,53,0.0571428571428571,0.235504107976803
"2021-05_PtCloates_BOSS","31","-22.7936","113.5041","20210519","outNP.7","Point Cloates","Yes","116",0,0,0,0,3,4,11,28,46,1.25,0.493548116792825
"2021-05_PtCloates_BOSS","32","-22.7537","113.4863","20210519","outNP.8","Point Cloates","Yes","194",0,0,0,0,0,0,0,35,35,0,0
"2021-05_PtCloates_BOSS","33","-22.7163","113.4963","20210520","outNP.9","Point Cloates","Yes","207",0,0,0,0,0,0,0,48,48,0,0
"2021-05_PtCloates_BOSS","34","-22.7662","113.4889","20210519","outNP.10","Point Cloates","Yes","179",0,0,0,0,2,2,1,43,48,0.1,0.3038218101251
"2021-05_PtCloates_BOSS","36","-22.7564","113.4711","20210519","outNP.12","Point Cloates","Yes","215",0,0,0,0,0,0,0,31,31,0,0
"2021-05_PtCloates_BOSS","37","-22.7836","113.4886","20210519","outNP.13","Point Cloates","Yes","156",0,0,0,0,0,0,0,49,49,0.0588235294117647,0.238832573610613
"2021-05_PtCloates_BOSS","39","-22.7938","113.4843","20210519","outNP.15","Point Cloates","Yes","156",0,0,0,1,1,2,2,46,52,0.354838709677419,0.48637345711392
"2021-05_PtCloates_BOSS","40","-22.7809","113.4964","20210519","outNP.16","Point Cloates","Yes","138",0,0,0,1,2,0,5,43,51,0.594594594594595,0.643750273331526
"2021-05_PtCloates_BOSS","42","-22.7887","113.4764","20210519","outNP.18","Point Cloates","Yes","184",0,0,0,0,0,0,0,47,47,0.025,0.158113883008419
"2021-05_PtCloates_BOSS","43","-22.7587","113.4991","20210519","outNP.19","Point Cloates","Yes","160",0,0,0,0,0,0,0,60,60,0,0
"2021-05_PtCloates_BOSS","44","-22.7912","113.5064","20210519","outNP.20","Point Cloates","Yes","114",0,0,0,0,6,4,14,25,49,1.08571428571429,0.445330582523918
"2021-05_PtCloates_BOSS","45","-22.7512","113.4889","20210519","outNP.21","Point Cloates","Yes","191",0,0,0,0,0,0,0,49,49,0,0
"2021-05_PtCloates_BOSS","46","-22.7463","113.5214","20210520","outNP.22","Point Cloates","Yes","113",0,0,0,0,2,3,7,31,43,0.6875,0.535061045658012
"2021-05_PtCloates_BOSS","47","-22.7637","113.4839","20210519","outNP.23","Point Cloates","Yes","190",0,0,0,0,0,0,0,50,50,0,0
"2021-05_PtCloates_BOSS","48","-22.7712","113.4688","20210519","outNP.24","Point Cloates","Yes","208",0,0,0,0,0,0,0,58,58,0,0
"2021-05_PtCloates_BOSS","49","-22.7986","113.4864","20210519","outNP.25","Point Cloates","Yes","148",0,0,0,0,2,1,2,33,38,0.314285714285714,0.471008215953606
"2021-05_PtCloates_BOSS","50","-22.7026","113.556","20210520",NA,"Point Cloates","Yes","77.6",0,0,0,0,6,11,20,15,52,1.88372093023256,0.956414492869353
"2021-05_PtCloates_BOSS","M1","-22.7228","113.4986","20210520",NA,"Point Cloates","Yes","197",0,0,0,0,0,2,0,54,56,0.0666666666666667,0.253708131702462
"2021-05_PtCloates_stereo-BRUVS","17","-22.7757","113.5195","20210518","outNP.5","Point Cloates","Yes","104",0,0,0,1,5,2,5,8,21,1.26315789473684,0.805681579172283
"2021-05_PtCloates_stereo-BRUVS","22","-22.7812","113.4964","20210518","outNP.10","Point Cloates","Yes","138",0,0,0,0,6,1,4,17,28,1.05263157894737,0.779863535820802
"2021-05_PtCloates_stereo-BRUVS","25","-22.7937","113.4939","20210518","outNP.13","Point Cloates","Yes","135",0,0,0,2,1,1,2,24,30,0.684210526315789,0.582392725357819
"2021-05_PtCloates_stereo-BRUVS","15","-22.7461","113.5138","20210518","outNP.3","Point Cloates","Yes","130",0,0,0,0,3,2,6,17,28,0.85,0.670820393249937
"2021-05_PtCloates_stereo-BRUVS","7","-22.7287","113.5365","20210518","inNP.7","Point Cloates","Yes","100",0,0,0,0,3,0,0,32,35,0.15,0.366347548532523
"2021-05_PtCloates_stereo-BRUVS","13","-22.7963","113.5041","20210518","outNP.1","Point Cloates","Yes","116",3,0,0,1,6,6,4,12,32,1.45,0.825577947481897
"2021-05_PtCloates_stereo-BRUVS","12","-22.7262","113.5214","20210518","inNP.12","Point Cloates","Yes","126",0,0,0,3,3,1,4,17,28,0.944444444444444,0.53930480546961
"2021-05_PtCloates_stereo-BRUVS","16","-22.7812","113.5115","20210518","outNP.4","Point Cloates","Yes","111",0,0,0,2,4,2,3,24,35,1.0952380952381,0.943650459903555
"2021-05_PtCloates_stereo-BRUVS","21","-22.7563","113.5189","20210518","outNP.9","Point Cloates","Yes","112",0,0,0,0,4,6,3,9,22,1.28571428571429,0.643650304346789
"2021-05_PtCloates_stereo-BRUVS","6","-22.721","113.5465","20210518","inNP.6","Point Cloates","Yes","88.5",0,0,0,0,0,2,0,27,29,0.125,0.337831962346088
"2021-05_PtCloates_stereo-BRUVS","2","-22.7108","113.5386","20210518","inNP.2","Point Cloates","Yes","104",0,0,0,3,1,6,0,15,25,0.842105263157895,0.688247201611685
"2021-05_PtCloates_stereo-BRUVS","3","-22.7087","113.5263","20210518","inNP.3","Point Cloates","Yes","129",0,0,0,0,6,5,6,6,23,1.4375,0.51234753829798
"2021-05_PtCloates_stereo-BRUVS","1","-22.696","113.5315","20210518","inNP.1","Point Cloates",NA,"129",0,0,0,0,5,1,11,13,30,2,0.794719414239026
"2021-05_PtCloates_stereo-BRUVS","4","-22.6937","113.5413","20210518","inNP.4","Point Cloates","Yes","110",0,0,0,1,3,10,3,8,25,1.11111111111111,0.676399541594523
"2021-05_PtCloates_stereo-BRUVS","27","-22.7027","113.556","20210518",NA,"Point Cloates","Yes","77.8",0,0,0,1,4,12,2,9,28,1.33333333333333,0.795822425754221
"2021-05_PtCloates_stereo-BRUVS","8","-22.6884","113.5563","20210518","inNP.8","Point Cloates","Yes","89.3",0,0,0,2,0,0,0,29,31,0,0
"2021-05_PtCloates_stereo-BRUVS","11","-22.6761","113.5387","20210518","inNP.11","Point Cloates","Yes","139",1,0,0,1,8,2,3,11,26,1.63157894736842,0.597264720370147
"2021-05_PtCloates_stereo-BRUVS","10","-22.6734","113.524","20210518","inNP.10","Point Cloates","Yes","197",0,0,0,0,0,0,0,34,34,0,0
"2021-05_PtCloates_stereo-BRUVS","5","-22.6837","113.5139","20210519","inNP.5","Point Cloates","Yes","206",0,0,0,0,0,0,0,29,29,0,0
"2021-05_PtCloates_stereo-BRUVS","9","-22.6962","113.5064","20210519","inNP.9","Point Cloates","Yes","207",0,0,0,0,0,0,0,27,27,0,0
"2021-05_PtCloates_stereo-BRUVS","18","-22.7311","113.4913","20210519","outNP.6","Point Cloates","Yes","204",0,0,0,0,0,0,0,31,31,0,0
"2021-05_PtCloates_stereo-BRUVS","23","-22.7362","113.4887","20210519","outNP.11","Point Cloates","Yes","204",0,0,0,0,0,0,0,27,27,0,0
"2021-05_PtCloates_stereo-BRUVS","14","-22.7413","113.4991","20210519","outNP.2","Point Cloates","Yes","179",0,0,0,0,0,1,0,29,30,0.105263157894737,0.315301767642306
"2021-05_PtCloates_stereo-BRUVS","19","-22.7437","113.484","20210519","outNP.7","Point Cloates","Yes","206",0,0,0,0,0,0,0,29,29,0,0
"2021-05_PtCloates_stereo-BRUVS","26","-22.7537","113.4763","20210519","outNP.14","Point Cloates","Yes","209",0,0,0,0,0,0,0,10,10,0,0
"2022-05_PtCloates_stereo-BRUVS","54","-22.7654","113.5392","20220520",NA,NA,"Yes","83.1",0,0,0,0,0,0,1,15,16,NA,NA
"2022-05_PtCloates_stereo-BRUVS","52","-22.7635","113.5348","20220520",NA,NA,"Yes","91",0,0,0,2,1,0,1,12,16,NA,NA
"2022-05_PtCloates_stereo-BRUVS","26","-22.7615","113.5484","20220520",NA,NA,"Yes","77.2",0,0,0,0,0,0,0,36,36,0,0
"2022-05_PtCloates_stereo-BRUVS","45","-22.7602","113.5432","20220520",NA,NA,"Yes","81.8",0,0,0,1,1,5,3,21,31,1.4,0.516397779494322
"2022-05_PtCloates_stereo-BRUVS","7","-22.7574","113.5382","20220520",NA,NA,"Yes","89.3",0,0,0,1,1,0,1,30,33,0.2,0.421637021355784
"2022-05_PtCloates_stereo-BRUVS","55","-22.7564","113.529","20220520",NA,NA,"Yes","89.1",0,0,0,0,1,7,10,14,32,1.3,0.483045891539648
"2022-05_PtCloates_stereo-BRUVS","56","-22.7534","113.5302","20220520",NA,NA,"Yes","99.8",0,0,0,0,0,0,2,30,32,0.1,0.316227766016838
"2022-05_PtCloates_stereo-BRUVS","31","-22.7542","113.5424","20220520",NA,NA,"Yes","82.3",0,0,0,0,3,2,2,28,35,0.3,0.483045891539648
"2022-05_PtCloates_stereo-BRUVS","40","-22.7522","113.5444","20220520",NA,NA,"Yes","84.1",0,0,0,1,0,1,0,27,29,0,0
"2022-05_PtCloates_stereo-BRUVS","60","-22.7516","113.5386","20220520",NA,NA,"Yes","91",0,0,0,0,0,2,2,20,24,0.7,0.674948557710553
"2022-05_PtCloates_stereo-BRUVS","12","-22.7505","113.5476","20220520",NA,NA,"Yes","80.5",1,0,0,0,1,0,2,31,35,0.4,0.516397779494322
"2022-05_PtCloates_stereo-BRUVS","44","-22.7482","113.549","20220520",NA,NA,"Yes","79.4",0,0,0,0,0,0,0,32,32,0,0
"2022-05_PtCloates_stereo-BRUVS","37","-22.7475","113.5445","20220520",NA,NA,"Yes","81.3",0,0,0,0,0,10,18,8,36,1.86666666666667,0.516397779494322
"2022-05_PtCloates_stereo-BRUVS","6","-22.7459","113.5531","20220520",NA,NA,"Yes","74.3",0,0,0,0,0,0,0,29,29,0,0
"2022-05_PtCloates_stereo-BRUVS","59","-22.7437","113.5452","20220520",NA,NA,"Yes","83.5",0,0,0,2,2,1,3,21,29,0.444444444444444,0.52704627669473
"2022-05_PtCloates_stereo-BRUVS","24","-22.7426","113.5507","20220520",NA,NA,"Yes","79.3",0,0,0,0,0,1,0,34,35,0,0
"2022-05_PtCloates_stereo-BRUVS","16","-22.7406","113.5395","20220520",NA,NA,"Yes","93.2",0,0,0,0,1,0,0,28,29,0,0
"2022-05_PtCloates_stereo-BRUVS","62","-22.7375","113.542","20220520",NA,NA,"Yes","90.1",0,0,0,0,1,4,8,25,38,1,0.816496580927726
"2022-05_PtCloates_stereo-BRUVS","23","-22.734","113.542","20220520",NA,NA,"Yes","91.4",0,0,0,0,0,0,0,32,32,0,0
"2022-05_PtCloates_stereo-BRUVS","49","-22.7309","113.5443","20220520",NA,NA,"No","89.5",0,0,0,0,1,2,0,11,14,NA,NA
"2022-05_PtCloates_stereo-BRUVS","36","-22.7318","113.5477","20220520",NA,NA,"Yes","83.2",0,0,0,0,0,1,0,38,39,0.1,0.316227766016838
"2022-05_PtCloates_stereo-BRUVS","64","-22.7343","113.5508","20220520",NA,NA,"Yes","79.2",0,0,0,0,1,4,1,26,32,0.2,0.421637021355784
"2022-05_PtCloates_stereo-BRUVS","3","-22.7379","113.5515","20220520",NA,NA,"Yes","78.3",0,0,0,0,0,0,0,33,33,0.1,0.316227766016838
"2022-05_PtCloates_stereo-BRUVS","4","-22.7337","113.5555","20220520",NA,NA,"Yes","73.9",0,0,0,0,1,2,0,35,38,0.333333333333333,0.487950036474267
"2022-05_PtCloates_stereo-BRUVS","43","-22.7328","113.5589","20220522",NA,NA,"Yes","70.6",0,0,0,0,0,2,2,24,28,0.9,0.875595035770913
"2022-05_PtCloates_stereo-BRUVS","8","-22.7298","113.5538","20220522",NA,NA,"Yes","76.4",0,0,0,0,0,0,0,28,28,0,0
"2022-05_PtCloates_stereo-BRUVS","11","-22.7274","113.5498","20220522",NA,NA,"Yes","81",0,0,0,0,1,0,0,33,34,0,0
"2022-05_PtCloates_stereo-BRUVS","10","-22.7272","113.5424","20220522",NA,NA,"No","94.7",1,0,0,2,1,0,0,29,33,0.2,0.421637021355784
"2022-05_PtCloates_stereo-BRUVS","27","-22.7254","113.5459","20220522",NA,NA,"Yes","90.4",0,0,0,0,1,0,0,31,32,0,0
"2022-05_PtCloates_stereo-BRUVS","32","-22.7239","113.5552","20220522",NA,NA,"Yes","78.3",0,0,0,2,1,0,0,30,33,0.4,0.516397779494322
"2022-05_PtCloates_stereo-BRUVS","20","-22.7212","113.5561","20220522",NA,NA,"Yes","76",0,0,0,0,1,0,0,29,30,0.1,0.316227766016838
"2022-05_PtCloates_stereo-BRUVS","5","-22.7218","113.5506","20220522",NA,NA,"Yes","81.9",0,0,0,2,2,1,1,31,37,0.266666666666667,0.457737708217063
"2022-05_PtCloates_stereo-BRUVS","1","-22.7221","113.5447","20220522",NA,NA,"Yes","93.9",0,0,0,1,0,1,0,24,26,0.1,0.316227766016838
"2022-05_PtCloates_stereo-BRUVS","33","-22.719","113.549","20220522",NA,NA,"Yes","85.4",0,0,0,0,2,1,0,28,31,0,0
"2022-05_PtCloates_stereo-BRUVS","50","-22.7173","113.5528","20220522",NA,NA,"Yes","81.9",0,0,0,0,2,0,3,30,35,0.8,0.421637021355784
"2022-05_PtCloates_stereo-BRUVS","41","-22.7154","113.5479","20220522",NA,NA,"Yes","89.7",0,0,0,0,1,3,2,26,32,0.2,0.421637021355784
"2022-05_PtCloates_stereo-BRUVS","18","-22.7101","113.5492","20220522",NA,NA,"Yes","91.5",0,0,0,0,0,0,0,15,15,0,0
"2022-05_PtCloates_stereo-BRUVS","39","-22.7105","113.5539","20220522",NA,NA,"Yes","78.9",0,0,0,0,3,6,11,11,31,1.53846153846154,1.26592420885458
"2022-05_PtCloates_stereo-BRUVS","22","-22.7072","113.5554","20220522",NA,NA,"Yes","81.3",0,0,0,0,3,8,10,11,32,1.5,0.849836585598797
"2022-05_PtCloates_stereo-BRUVS","30","-22.7058","113.5588","20220522",NA,NA,"Yes","78.5",0,0,0,0,1,11,0,25,37,0.153846153846154,0.375533808099405
"2022-05_PtCloates_stereo-BRUVS","58","-22.7056","113.5502","20220522",NA,NA,"Yes","90.9",0,0,0,1,0,3,0,23,27,0.1,0.316227766016838
"2022-05_PtCloates_stereo-BRUVS","25","-22.7053","113.5466","20220522",NA,NA,"Yes","99.5",0,0,0,0,1,5,3,25,34,1,0.816496580927726
"2022-05_PtCloates_stereo-BRUVS","17","-22.7011","113.5532","20220522",NA,NA,"Yes","86.5",1,0,0,3,2,7,11,11,35,1.4,0.699205898780101
"2022-05_PtCloates_stereo-BRUVS","35","-22.6987","113.551","20220522",NA,NA,"Yes","94.6",0,0,0,1,1,1,0,30,33,0.4,0.516397779494322
"2022-05_PtCloates_stereo-BRUVS","42","-22.6952","113.5537","20220522",NA,NA,"Yes","92.3",0,0,0,1,0,3,0,34,38,0.1,0.316227766016838
"2022-05_PtCloates_stereo-BRUVS","15","-22.6977","113.5561","20220522",NA,NA,"Yes","83.9",2,0,0,1,0,2,0,27,32,0.6,0.516397779494322
"2022-05_PtCloates_stereo-BRUVS","47","-22.6999","113.5592","20220522",NA,NA,"Yes","80.8",0,0,0,0,1,0,0,32,33,0.1,0.316227766016838
"2022-05_PtCloates_stereo-BRUVS","28","-22.6987","113.5625","20220522",NA,NA,"Yes","76.3",0,0,0,0,2,6,2,27,37,0.7,0.483045891539648
"2022-05_PtCloates_stereo-BRUVS","2","-22.6957","113.5628","20220522",NA,NA,"Yes","77.3",2,0,0,1,3,15,8,5,34,2.63636363636364,0.504524979109513
"2022-05_PtCloates_stereo-BRUVS","48","-22.696","113.5596","20220522",NA,NA,"Yes","80.2",0,0,0,0,0,0,0,32,32,0,0
"2022-05_PtCloates_stereo-BRUVS","9","-22.6934","113.5571","20220522",NA,NA,"Yes","84.9",0,0,0,0,1,2,0,32,35,0.4,0.516397779494322
"2022-05_PtCloates_stereo-BRUVS","46","-22.693","113.5605","20220522",NA,NA,"Yes","79.5",0,0,0,2,2,24,3,9,40,2.91666666666667,0.288675134594813
"2022-05_PtCloates_stereo-BRUVS","34","-22.6928","113.5645","20220522",NA,NA,"Yes","76.4",0,0,0,3,1,6,0,21,31,0.5,0.52704627669473
"2022-05_PtCloates_stereo-BRUVS","21","-22.6893","113.5652","20220522",NA,NA,"Yes","77.3",0,0,0,1,2,15,3,10,31,1.8,0.632455532033676
"2022-05_PtCloates_stereo-BRUVS","51","-22.69","113.5609","20220522",NA,NA,"Yes","79.4",0,0,0,0,0,10,5,22,37,0.8,0.788810637746616
"2022-05_PtCloates_stereo-BRUVS","29","-22.691","113.5564","20220522",NA,NA,"Yes","87.9",0,0,0,0,0,12,3,20,35,1.4,1.24211800681624
"2022-05_PtCloates_stereo-BRUVS","57","-22.6751","113.561","20220526",NA,NA,"Yes","88.2",0,0,0,0,0,18,7,7,32,1.8,0.632455532033676
"2022-05_PtCloates_stereo-BRUVS","63","-22.6744","113.5666","20220526",NA,NA,"Yes","81.1",0,0,0,1,0,3,0,21,25,0.3,0.483045891539648
"2022-05_PtCloates_stereo-BRUVS","61","-22.6779","113.5654","20220526",NA,NA,"Yes","79.8",0,0,0,1,1,11,0,18,31,1,0.877058019307029
"2022-05_PtCloates_stereo-BRUVS","53","-22.6839","113.5636","20220526",NA,NA,"Yes","78.2",0,0,0,5,0,6,18,1,30,2.22222222222222,0.440958551844098
"2022-05_PtCloates_stereo-BRUVS","19","-22.6847","113.5669","20220526",NA,NA,"Yes","76.4",0,0,0,0,0,8,4,3,15,1.83333333333333,0.834847109936722
"2022-05_PtCloates_stereo-BRUVS","38","-22.6868","113.5642","20220526",NA,NA,"Yes","78.6",0,0,0,1,2,10,3,15,31,1.66666666666667,0.492365963917331
"2022-05_PtCloates_stereo-BRUVS","13","-22.6872","113.5606","20220526",NA,NA,"Yes","82.1",0,0,0,0,0,0,4,23,27,0.6,0.843274042711568
"2022-05_PtCloates_stereo-BRUVS","14","-22.6876","113.5568","20220526",NA,NA,"Yes","90.5",0,0,0,1,1,0,0,31,33,0,0
